genotype_id,traitone
a-0000028,0.767094437943915
a-0000040,0.768366373538097
a-0000055,0.753557790715447
a-0000078,0.741173483220097
a-0000090,0.690763730460195
a-0000093,0.67012010248053
a-0000096,0.774731456790758
a-0000097,0.759569494487786
a-0000098,0.737633803219297
a-0000101,0.759586798381967
a-0000102,0.735947771499565
a-0000107,0.784109625483713
a-0000108,0.816730103593743
a-0000109,0.809639855404103
a-0000133,0.755432230571378
a-0000137,0.772491150241444
a-0000139,0.786664269685124
a-0000150,0.7862124679407
a-0000160,0.727205167124787
a-0000168,0.763103159275753
a-0000172,0.790245638698057
a-0000185,0.784718277228491
a-0000193,0.785785075313427
a-0000203,0.778644206640067
a-0000206,0.698395798011538
a-0000212,0.71436931288726
a-0000213,0.832191529384233
a-0000218,0.70948849194176
a-0000221,0.745071453674628
a-0000226,0.700113987621872
a-0000227,0.735947771499565
a-0000234,0.727918092801205
a-0000236,0.727144497751571
a-0000237,0.680372545329658
a-0000254,0.739062123020221
a-0000255,0.723324467213978
a-0000260,0.726191871453822
a-0000268,0.700080105153565
a-0000270,0.699054664419106
a-0000271,0.717274579042464
a-0000272,0.741718867498236
a-0000280,0.692661048495029
a-0000398,0.803885875862422
a-0000403,0.735407157113432
a-0000497,0.753777121636967
a-0000498,0.795565974961672
a-0000499,0.706481008116163
a-0000500,0.755905212980341
a-0000501,0.69903385238655
a-0000505,0.77859567480758
a-0000506,0.767496979018035
a-0000508,0.72047714061927
a-0000509,0.754611657524114
a-0000510,0.790370306278567
a-0000511,0.774130557383108
a-0000512,0.813232182576586
a-0000514,0.738560627359831
a-0000515,0.802764580082249
a-0000516,0.827977865894629
a-0000517,0.741173483220097
a-0000518,0.68677523489389